date,symbol,open,high,low,close,volume,data_is_point_in_time,note
2023-01-03,MOCK_A,99.95,100.01,99.41,99.76,480861,true,MOCK_DATA_NOT_FOR_TRADING
2023-01-03,MOCK_B,249.97,255.02,249.72,253.18,470309,true,MOCK_DATA_NOT_FOR_TRADING
2023-01-04,MOCK_A,99.86,99.99,97.54,97.65,517382,true,MOCK_DATA_NOT_FOR_TRADING
2023-01-04,MOCK_B,252.69,259.56,251.05,257.6,562128,true,MOCK_DATA_NOT_FOR_TRADING
2023-01-05,MOCK_A,97.99,98.68,97.94,98.36,389251,true,MOCK_DATA_NOT_FOR_TRADING
2023-01-05,MOCK_B,257.63,258.15,247.16,249.34,390651,true,MOCK_DATA_NOT_FOR_TRADING
2023-01-06,MOCK_A,98.43,99.08,96.94,96.96,484051,true,MOCK_DATA_NOT_FOR_TRADING
2023-01-06,MOCK_B,248.66,249.97,245.71,246.57,284611,true,MOCK_DATA_NOT_FOR_TRADING
2023-01-09,MOCK_A,96.54,97.49,96.3,97.34,631010,true,MOCK_DATA_NOT_FOR_TRADING
2023-01-09,MOCK_B,245.38,247.22,239.78,241.66,421826,true,MOCK_DATA_NOT_FOR_TRADING
2023-01-10,MOCK_A,97.45,97.57,96.75,97.13,333016,true,MOCK_DATA_NOT_FOR_TRADING
2023-01-10,MOCK_B,240.77,241.35,238.31,238.37,435203,true,MOCK_DATA_NOT_FOR_TRADING
2023-01-11,MOCK_A,96.69,98.82,96.4,97.54,362628,true,MOCK_DATA_NOT_FOR_TRADING
2023-01-11,MOCK_B,239.51,239.8,237.34,237.91,112094,true,MOCK_DATA_NOT_FOR_TRADING
2023-01-12,MOCK_A,97.73,99.64,97.32,99.04,349669,true,MOCK_DATA_NOT_FOR_TRADING
2023-01-12,MOCK_B,236.36,236.86,233.67,234.11,398855,true,MOCK_DATA_NOT_FOR_TRADING
2023-01-13,MOCK_A,98.95,99.01,98.45,98.85,595762,true,MOCK_DATA_NOT_FOR_TRADING
2023-01-13,MOCK_B,233.39,235.96,231.58,235.28,460746,true,MOCK_DATA_NOT_FOR_TRADING
2023-01-16,MOCK_A,99.04,99.83,98.73,99.59,392394,true,MOCK_DATA_NOT_FOR_TRADING
2023-01-16,MOCK_B,235.66,237.36,233.37,237.21,437837,true,MOCK_DATA_NOT_FOR_TRADING
2023-01-17,MOCK_A,99.74,99.86,97.91,99.07,377106,true,MOCK_DATA_NOT_FOR_TRADING
2023-01-17,MOCK_B,235.25,237.33,233.3,233.73,323597,true,MOCK_DATA_NOT_FOR_TRADING
2023-01-18,MOCK_A,99.3,100.01,97.44,97.69,625372,true,MOCK_DATA_NOT_FOR_TRADING
2023-01-18,MOCK_B,234.6,239.45,232.92,239.32,562846,true,MOCK_DATA_NOT_FOR_TRADING
2023-01-19,MOCK_A,97.66,100.49,97.4,99.78,642934,true,MOCK_DATA_NOT_FOR_TRADING
2023-01-19,MOCK_B,238.48,239.72,233.81,236.33,585074,true,MOCK_DATA_NOT_FOR_TRADING
2023-01-20,MOCK_A,99.79,99.92,97.51,97.66,608544,true,MOCK_DATA_NOT_FOR_TRADING
2023-01-20,MOCK_B,237.78,239.88,235.33,239.49,374581,true,MOCK_DATA_NOT_FOR_TRADING
2023-01-23,MOCK_A,98.34,99.54,98.04,99.23,415730,true,MOCK_DATA_NOT_FOR_TRADING
2023-01-23,MOCK_B,239.75,241.23,237.4,240.05,450507,true,MOCK_DATA_NOT_FOR_TRADING
2023-01-24,MOCK_A,99.51,99.79,98.27,98.3,612395,true,MOCK_DATA_NOT_FOR_TRADING
2023-01-24,MOCK_B,241.16,247.02,240.69,244.74,664640,true,MOCK_DATA_NOT_FOR_TRADING
2023-01-25,MOCK_A,98.21,99.11,96.64,97.17,414839,true,MOCK_DATA_NOT_FOR_TRADING
2023-01-25,MOCK_B,245.62,252.91,244.6,252.0,381517,true,MOCK_DATA_NOT_FOR_TRADING
2023-01-26,MOCK_A,97.52,98.17,97.39,98.16,525195,true,MOCK_DATA_NOT_FOR_TRADING
2023-01-26,MOCK_B,252.74,253.18,247.3,247.33,413191,true,MOCK_DATA_NOT_FOR_TRADING
2023-01-27,MOCK_A,98.42,100.19,97.92,100.05,635507,true,MOCK_DATA_NOT_FOR_TRADING
2023-01-27,MOCK_B,247.5,248.76,246.04,246.12,536908,true,MOCK_DATA_NOT_FOR_TRADING
2023-01-30,MOCK_A,100.42,101.04,99.44,101.02,446168,true,MOCK_DATA_NOT_FOR_TRADING
2023-01-30,MOCK_B,245.57,246.54,243.06,245.36,409813,true,MOCK_DATA_NOT_FOR_TRADING
2023-01-31,MOCK_A,101.05,103.76,100.48,103.49,477345,true,MOCK_DATA_NOT_FOR_TRADING
2023-01-31,MOCK_B,246.01,253.97,245.07,250.64,404623,true,MOCK_DATA_NOT_FOR_TRADING
2023-02-01,MOCK_A,103.74,106.36,102.51,105.99,606644,true,MOCK_DATA_NOT_FOR_TRADING
2023-02-01,MOCK_B,250.78,254.4,249.98,253.8,365162,true,MOCK_DATA_NOT_FOR_TRADING
2023-02-02,MOCK_A,105.82,107.06,105.82,106.73,758731,true,MOCK_DATA_NOT_FOR_TRADING
2023-02-02,MOCK_B,252.87,253.09,249.96,250.11,525680,true,MOCK_DATA_NOT_FOR_TRADING
2023-02-03,MOCK_A,106.59,107.32,104.71,104.94,445362,true,MOCK_DATA_NOT_FOR_TRADING
2023-02-03,MOCK_B,250.79,251.94,246.21,248.13,606696,true,MOCK_DATA_NOT_FOR_TRADING
2023-02-06,MOCK_A,104.55,104.85,103.92,104.73,632779,true,MOCK_DATA_NOT_FOR_TRADING
2023-02-06,MOCK_B,248.63,250.16,247.82,249.4,693407,true,MOCK_DATA_NOT_FOR_TRADING
2023-02-07,MOCK_A,105.45,105.64,104.73,105.49,304510,true,MOCK_DATA_NOT_FOR_TRADING
2023-02-07,MOCK_B,250.88,257.47,250.47,257.42,562453,true,MOCK_DATA_NOT_FOR_TRADING
2023-02-08,MOCK_A,105.59,106.51,104.54,105.43,648592,true,MOCK_DATA_NOT_FOR_TRADING
2023-02-08,MOCK_B,257.9,258.13,257.65,257.97,763847,true,MOCK_DATA_NOT_FOR_TRADING
2023-02-09,MOCK_A,105.92,107.27,105.89,106.89,421752,true,MOCK_DATA_NOT_FOR_TRADING
2023-02-09,MOCK_B,258.02,259.87,257.83,258.73,543743,true,MOCK_DATA_NOT_FOR_TRADING
2023-02-10,MOCK_A,106.95,107.05,103.92,104.98,408346,true,MOCK_DATA_NOT_FOR_TRADING
2023-02-10,MOCK_B,257.78,257.82,256.15,257.61,531522,true,MOCK_DATA_NOT_FOR_TRADING
2023-02-13,MOCK_A,104.49,105.23,104.35,105.02,623594,true,MOCK_DATA_NOT_FOR_TRADING
2023-02-13,MOCK_B,258.32,259.29,253.46,253.82,484979,true,MOCK_DATA_NOT_FOR_TRADING
2023-02-14,MOCK_A,105.01,107.92,104.77,107.32,577548,true,MOCK_DATA_NOT_FOR_TRADING
2023-02-14,MOCK_B,252.32,255.36,252.13,253.97,551788,true,MOCK_DATA_NOT_FOR_TRADING
2023-02-15,MOCK_A,107.09,108.52,107.04,107.91,604973,true,MOCK_DATA_NOT_FOR_TRADING
2023-02-15,MOCK_B,253.2,253.37,252.4,252.97,339710,true,MOCK_DATA_NOT_FOR_TRADING
2023-02-16,MOCK_A,108.11,110.37,106.95,110.21,536555,true,MOCK_DATA_NOT_FOR_TRADING
2023-02-16,MOCK_B,252.81,255.66,251.97,254.14,610200,true,MOCK_DATA_NOT_FOR_TRADING
2023-02-17,MOCK_A,110.25,111.07,109.72,109.79,577906,true,MOCK_DATA_NOT_FOR_TRADING
2023-02-17,MOCK_B,253.5,255.99,251.64,254.8,931851,true,MOCK_DATA_NOT_FOR_TRADING
2023-02-20,MOCK_A,109.62,112.58,109.46,111.62,534460,true,MOCK_DATA_NOT_FOR_TRADING
2023-02-20,MOCK_B,254.64,255.1,250.24,250.59,412392,true,MOCK_DATA_NOT_FOR_TRADING
2023-02-21,MOCK_A,111.91,112.25,110.37,110.92,577732,true,MOCK_DATA_NOT_FOR_TRADING
2023-02-21,MOCK_B,249.84,251.58,242.76,242.91,397370,true,MOCK_DATA_NOT_FOR_TRADING
2023-02-22,MOCK_A,110.43,110.68,110.12,110.14,388207,true,MOCK_DATA_NOT_FOR_TRADING
2023-02-22,MOCK_B,243.07,243.78,239.52,240.64,442073,true,MOCK_DATA_NOT_FOR_TRADING
2023-02-23,MOCK_A,110.3,111.52,110.08,111.2,652259,true,MOCK_DATA_NOT_FOR_TRADING
2023-02-23,MOCK_B,239.68,241.35,239.19,240.56,561313,true,MOCK_DATA_NOT_FOR_TRADING
2023-02-24,MOCK_A,111.33,111.33,108.92,110.17,220654,true,MOCK_DATA_NOT_FOR_TRADING
2023-02-24,MOCK_B,240.43,241.95,239.97,241.69,701916,true,MOCK_DATA_NOT_FOR_TRADING
2023-02-27,MOCK_A,110.07,111.31,109.02,111.25,498714,true,MOCK_DATA_NOT_FOR_TRADING
2023-02-27,MOCK_B,242.04,246.95,240.71,245.5,400420,true,MOCK_DATA_NOT_FOR_TRADING
2023-02-28,MOCK_A,111.1,115.07,110.83,114.87,396396,true,MOCK_DATA_NOT_FOR_TRADING
2023-02-28,MOCK_B,245.83,246.93,243.56,245.0,500539,true,MOCK_DATA_NOT_FOR_TRADING
2023-03-01,MOCK_A,114.77,115.03,113.56,114.91,800370,true,MOCK_DATA_NOT_FOR_TRADING
2023-03-01,MOCK_B,244.65,247.81,236.45,237.34,417630,true,MOCK_DATA_NOT_FOR_TRADING
2023-03-02,MOCK_A,115.51,116.09,115.09,115.26,974741,true,MOCK_DATA_NOT_FOR_TRADING
2023-03-02,MOCK_B,237.11,237.58,234.31,235.01,725374,true,MOCK_DATA_NOT_FOR_TRADING
2023-03-03,MOCK_A,114.74,115.05,113.01,113.28,604001,true,MOCK_DATA_NOT_FOR_TRADING
2023-03-03,MOCK_B,234.2,240.04,232.3,238.54,377808,true,MOCK_DATA_NOT_FOR_TRADING
2023-03-06,MOCK_A,113.19,116.33,112.94,115.41,686033,true,MOCK_DATA_NOT_FOR_TRADING
2023-03-06,MOCK_B,236.94,243.13,235.45,242.43,478399,true,MOCK_DATA_NOT_FOR_TRADING
2023-03-07,MOCK_A,114.73,115.59,113.93,115.57,818982,true,MOCK_DATA_NOT_FOR_TRADING
2023-03-07,MOCK_B,243.66,244.65,242.99,243.07,594052,true,MOCK_DATA_NOT_FOR_TRADING
2023-03-08,MOCK_A,115.68,117.41,115.19,116.69,507037,true,MOCK_DATA_NOT_FOR_TRADING
2023-03-08,MOCK_B,242.47,242.54,241.52,241.63,632608,true,MOCK_DATA_NOT_FOR_TRADING
2023-03-09,MOCK_A,116.89,118.09,116.22,117.81,383332,true,MOCK_DATA_NOT_FOR_TRADING
2023-03-09,MOCK_B,241.3,241.69,237.76,237.96,472207,true,MOCK_DATA_NOT_FOR_TRADING
2023-03-10,MOCK_A,118.04,119.4,115.84,116.03,567481,true,MOCK_DATA_NOT_FOR_TRADING
2023-03-10,MOCK_B,237.46,238.42,236.94,237.47,335734,true,MOCK_DATA_NOT_FOR_TRADING
2023-03-13,MOCK_A,116.05,119.32,115.82,118.73,388339,true,MOCK_DATA_NOT_FOR_TRADING
2023-03-13,MOCK_B,237.62,243.39,237.28,241.85,525091,true,MOCK_DATA_NOT_FOR_TRADING
2023-03-14,MOCK_A,119.27,119.86,117.81,118.1,999540,true,MOCK_DATA_NOT_FOR_TRADING
2023-03-14,MOCK_B,242.69,245.99,241.83,245.54,409102,true,MOCK_DATA_NOT_FOR_TRADING
2023-03-15,MOCK_A,118.32,118.5,118.17,118.3,847425,true,MOCK_DATA_NOT_FOR_TRADING
2023-03-15,MOCK_B,244.99,245.34,241.44,241.46,426296,true,MOCK_DATA_NOT_FOR_TRADING
2023-03-16,MOCK_A,117.8,120.74,117.55,120.5,617477,true,MOCK_DATA_NOT_FOR_TRADING
2023-03-16,MOCK_B,241.71,242.32,237.87,239.11,477248,true,MOCK_DATA_NOT_FOR_TRADING
2023-03-17,MOCK_A,119.68,120.82,117.26,117.3,484519,true,MOCK_DATA_NOT_FOR_TRADING
2023-03-17,MOCK_B,238.34,239.33,236.47,237.47,506134,true,MOCK_DATA_NOT_FOR_TRADING
2023-03-20,MOCK_A,117.03,118.39,115.85,117.67,549378,true,MOCK_DATA_NOT_FOR_TRADING
2023-03-20,MOCK_B,237.85,238.43,236.79,238.39,748401,true,MOCK_DATA_NOT_FOR_TRADING
2023-03-21,MOCK_A,118.02,119.18,117.91,118.71,702389,true,MOCK_DATA_NOT_FOR_TRADING
2023-03-21,MOCK_B,238.7,240.1,238.3,239.06,330754,true,MOCK_DATA_NOT_FOR_TRADING
2023-03-22,MOCK_A,118.47,118.78,117.91,118.26,175139,true,MOCK_DATA_NOT_FOR_TRADING
2023-03-22,MOCK_B,237.93,243.39,236.89,241.23,528153,true,MOCK_DATA_NOT_FOR_TRADING
2023-03-23,MOCK_A,118.35,118.87,117.93,118.66,555770,true,MOCK_DATA_NOT_FOR_TRADING
2023-03-23,MOCK_B,242.5,243.91,241.09,242.76,410279,true,MOCK_DATA_NOT_FOR_TRADING
2023-03-24,MOCK_A,118.67,122.07,118.32,121.76,489536,true,MOCK_DATA_NOT_FOR_TRADING
2023-03-24,MOCK_B,242.03,242.22,240.99,241.15,377921,true,MOCK_DATA_NOT_FOR_TRADING
2023-03-27,MOCK_A,121.71,121.75,118.34,119.44,641521,true,MOCK_DATA_NOT_FOR_TRADING
2023-03-27,MOCK_B,240.14,247.56,239.69,245.99,468877,true,MOCK_DATA_NOT_FOR_TRADING
2023-03-28,MOCK_A,119.18,121.47,118.5,121.06,546794,true,MOCK_DATA_NOT_FOR_TRADING
2023-03-28,MOCK_B,245.53,248.42,244.74,247.14,397460,true,MOCK_DATA_NOT_FOR_TRADING
2023-03-29,MOCK_A,120.78,122.79,120.44,121.57,214590,true,MOCK_DATA_NOT_FOR_TRADING
2023-03-29,MOCK_B,246.78,249.75,246.05,248.8,656089,true,MOCK_DATA_NOT_FOR_TRADING
2023-03-30,MOCK_A,121.42,122.46,121.14,122.46,558579,true,MOCK_DATA_NOT_FOR_TRADING
2023-03-30,MOCK_B,249.39,253.8,248.75,252.83,460717,true,MOCK_DATA_NOT_FOR_TRADING
2023-03-31,MOCK_A,122.03,122.5,117.56,118.33,785472,true,MOCK_DATA_NOT_FOR_TRADING
2023-03-31,MOCK_B,253.05,253.9,245.69,246.18,579122,true,MOCK_DATA_NOT_FOR_TRADING
2023-04-03,MOCK_A,117.6,121.28,116.47,120.82,742040,true,MOCK_DATA_NOT_FOR_TRADING
2023-04-03,MOCK_B,245.43,245.86,239.91,240.53,525053,true,MOCK_DATA_NOT_FOR_TRADING
2023-04-04,MOCK_A,120.41,122.11,120.02,120.9,216327,true,MOCK_DATA_NOT_FOR_TRADING
2023-04-04,MOCK_B,240.56,242.59,233.91,236.46,607499,true,MOCK_DATA_NOT_FOR_TRADING
2023-04-05,MOCK_A,120.63,121.27,120.35,121.2,706024,true,MOCK_DATA_NOT_FOR_TRADING
2023-04-05,MOCK_B,236.06,237.73,229.88,231.51,440171,true,MOCK_DATA_NOT_FOR_TRADING
2023-04-06,MOCK_A,121.32,122.42,118.28,118.77,531597,true,MOCK_DATA_NOT_FOR_TRADING
2023-04-06,MOCK_B,232.19,232.71,230.53,230.83,613652,true,MOCK_DATA_NOT_FOR_TRADING
2023-04-07,MOCK_A,118.52,119.3,118.46,118.91,358434,true,MOCK_DATA_NOT_FOR_TRADING
2023-04-07,MOCK_B,231.11,235.53,229.93,235.05,765278,true,MOCK_DATA_NOT_FOR_TRADING
2023-04-10,MOCK_A,119.19,122.48,118.81,122.38,382345,true,MOCK_DATA_NOT_FOR_TRADING
2023-04-10,MOCK_B,236.3,239.82,235.3,238.71,336472,true,MOCK_DATA_NOT_FOR_TRADING
2023-04-11,MOCK_A,122.33,124.92,122.22,124.63,592461,true,MOCK_DATA_NOT_FOR_TRADING
2023-04-11,MOCK_B,238.67,240.66,234.06,234.76,630100,true,MOCK_DATA_NOT_FOR_TRADING
2023-04-12,MOCK_A,124.92,125.03,124.22,124.74,600857,true,MOCK_DATA_NOT_FOR_TRADING
2023-04-12,MOCK_B,235.14,236.73,232.29,232.86,653516,true,MOCK_DATA_NOT_FOR_TRADING
2023-04-13,MOCK_A,124.42,125.0,123.78,124.24,352326,true,MOCK_DATA_NOT_FOR_TRADING
2023-04-13,MOCK_B,233.06,235.85,231.55,233.86,368471,true,MOCK_DATA_NOT_FOR_TRADING
2023-04-14,MOCK_A,124.22,126.86,122.8,125.87,503633,true,MOCK_DATA_NOT_FOR_TRADING
2023-04-14,MOCK_B,233.43,238.13,233.41,238.11,660956,true,MOCK_DATA_NOT_FOR_TRADING
2023-04-17,MOCK_A,125.73,125.78,121.94,122.85,462426,true,MOCK_DATA_NOT_FOR_TRADING
2023-04-17,MOCK_B,238.43,239.05,233.51,234.46,468442,true,MOCK_DATA_NOT_FOR_TRADING
2023-04-18,MOCK_A,122.68,123.71,122.21,123.24,768002,true,MOCK_DATA_NOT_FOR_TRADING
2023-04-18,MOCK_B,233.96,238.91,233.55,237.55,289987,true,MOCK_DATA_NOT_FOR_TRADING
2023-04-19,MOCK_A,122.93,123.16,122.08,122.67,397296,true,MOCK_DATA_NOT_FOR_TRADING
2023-04-19,MOCK_B,237.68,239.64,236.81,239.21,463971,true,MOCK_DATA_NOT_FOR_TRADING
2023-04-20,MOCK_A,122.94,124.33,122.08,123.87,417427,true,MOCK_DATA_NOT_FOR_TRADING
2023-04-20,MOCK_B,240.42,241.78,234.51,235.29,671734,true,MOCK_DATA_NOT_FOR_TRADING
2023-04-21,MOCK_A,123.58,125.97,122.84,125.72,623356,true,MOCK_DATA_NOT_FOR_TRADING
2023-04-21,MOCK_B,235.8,239.74,235.43,237.94,343025,true,MOCK_DATA_NOT_FOR_TRADING
2023-04-24,MOCK_A,125.27,125.66,124.88,125.31,361417,true,MOCK_DATA_NOT_FOR_TRADING
2023-04-24,MOCK_B,238.51,241.99,237.0,241.6,685872,true,MOCK_DATA_NOT_FOR_TRADING
2023-04-25,MOCK_A,125.4,126.73,124.0,124.22,526086,true,MOCK_DATA_NOT_FOR_TRADING
2023-04-25,MOCK_B,240.6,243.7,238.87,242.75,427605,true,MOCK_DATA_NOT_FOR_TRADING
2023-04-26,MOCK_A,124.61,124.99,123.18,123.55,399497,true,MOCK_DATA_NOT_FOR_TRADING
2023-04-26,MOCK_B,242.29,243.3,237.55,238.28,608639,true,MOCK_DATA_NOT_FOR_TRADING
2023-04-27,MOCK_A,122.99,124.52,122.6,124.31,510481,true,MOCK_DATA_NOT_FOR_TRADING
2023-04-27,MOCK_B,238.73,241.17,238.29,239.86,511984,true,MOCK_DATA_NOT_FOR_TRADING
2023-04-28,MOCK_A,124.32,125.46,124.18,124.75,452751,true,MOCK_DATA_NOT_FOR_TRADING
2023-04-28,MOCK_B,241.09,244.2,239.42,243.11,652844,true,MOCK_DATA_NOT_FOR_TRADING
2023-05-01,MOCK_A,125.02,125.35,121.9,122.79,387881,true,MOCK_DATA_NOT_FOR_TRADING
2023-05-01,MOCK_B,241.81,246.8,241.55,245.72,508132,true,MOCK_DATA_NOT_FOR_TRADING
2023-05-02,MOCK_A,122.77,122.91,122.76,122.86,242819,true,MOCK_DATA_NOT_FOR_TRADING
2023-05-02,MOCK_B,245.41,245.92,242.52,243.54,275332,true,MOCK_DATA_NOT_FOR_TRADING
2023-05-03,MOCK_A,123.1,125.36,121.72,124.66,452154,true,MOCK_DATA_NOT_FOR_TRADING
2023-05-03,MOCK_B,243.13,245.16,242.65,244.0,450692,true,MOCK_DATA_NOT_FOR_TRADING
2023-05-04,MOCK_A,124.66,125.87,123.55,124.63,572865,true,MOCK_DATA_NOT_FOR_TRADING
2023-05-04,MOCK_B,243.44,243.78,241.1,241.11,336253,true,MOCK_DATA_NOT_FOR_TRADING
2023-05-05,MOCK_A,123.66,124.91,120.13,120.97,660353,true,MOCK_DATA_NOT_FOR_TRADING
2023-05-05,MOCK_B,240.98,241.47,236.76,238.01,573215,true,MOCK_DATA_NOT_FOR_TRADING
2023-05-08,MOCK_A,120.89,121.59,118.99,119.35,334705,true,MOCK_DATA_NOT_FOR_TRADING
2023-05-08,MOCK_B,239.96,241.09,236.13,237.07,529100,true,MOCK_DATA_NOT_FOR_TRADING
2023-05-09,MOCK_A,118.99,121.84,118.92,121.38,503706,true,MOCK_DATA_NOT_FOR_TRADING
2023-05-09,MOCK_B,237.66,239.8,234.06,234.51,525915,true,MOCK_DATA_NOT_FOR_TRADING
2023-05-10,MOCK_A,121.42,124.8,121.08,124.05,414082,true,MOCK_DATA_NOT_FOR_TRADING
2023-05-10,MOCK_B,234.51,236.19,231.72,232.76,364366,true,MOCK_DATA_NOT_FOR_TRADING
2023-05-11,MOCK_A,124.19,125.65,123.65,125.58,420725,true,MOCK_DATA_NOT_FOR_TRADING
2023-05-11,MOCK_B,233.57,239.64,232.8,239.06,509856,true,MOCK_DATA_NOT_FOR_TRADING
2023-05-12,MOCK_A,125.65,126.61,125.37,125.43,447380,true,MOCK_DATA_NOT_FOR_TRADING
2023-05-12,MOCK_B,239.4,239.78,233.98,236.62,638930,true,MOCK_DATA_NOT_FOR_TRADING
2023-05-15,MOCK_A,125.69,126.06,123.55,123.76,214758,true,MOCK_DATA_NOT_FOR_TRADING
2023-05-15,MOCK_B,237.39,238.3,237.17,238.14,667298,true,MOCK_DATA_NOT_FOR_TRADING
2023-05-16,MOCK_A,123.27,125.73,122.62,125.24,299829,true,MOCK_DATA_NOT_FOR_TRADING
2023-05-16,MOCK_B,238.35,243.66,238.15,239.81,525377,true,MOCK_DATA_NOT_FOR_TRADING
2023-05-17,MOCK_A,125.27,125.9,124.32,125.16,724816,true,MOCK_DATA_NOT_FOR_TRADING
2023-05-17,MOCK_B,239.23,246.8,237.52,245.52,580049,true,MOCK_DATA_NOT_FOR_TRADING
2023-05-18,MOCK_A,124.62,125.12,120.18,120.97,441704,true,MOCK_DATA_NOT_FOR_TRADING
2023-05-18,MOCK_B,246.07,250.13,244.83,248.45,679589,true,MOCK_DATA_NOT_FOR_TRADING
2023-05-19,MOCK_A,121.22,121.63,121.16,121.49,383490,true,MOCK_DATA_NOT_FOR_TRADING
2023-05-19,MOCK_B,248.47,249.31,247.72,248.18,596295,true,MOCK_DATA_NOT_FOR_TRADING
2023-05-22,MOCK_A,121.31,123.91,121.0,123.7,515948,true,MOCK_DATA_NOT_FOR_TRADING
2023-05-22,MOCK_B,248.05,249.55,243.31,244.08,579532,true,MOCK_DATA_NOT_FOR_TRADING
2023-05-23,MOCK_A,123.64,124.27,122.88,123.37,712106,true,MOCK_DATA_NOT_FOR_TRADING
2023-05-23,MOCK_B,244.3,246.2,242.96,244.01,429909,true,MOCK_DATA_NOT_FOR_TRADING
2023-05-24,MOCK_A,123.64,124.65,123.07,124.13,545503,true,MOCK_DATA_NOT_FOR_TRADING
2023-05-24,MOCK_B,244.83,246.31,243.36,245.38,518611,true,MOCK_DATA_NOT_FOR_TRADING
2023-05-25,MOCK_A,124.45,124.92,123.84,124.88,503577,true,MOCK_DATA_NOT_FOR_TRADING
2023-05-25,MOCK_B,245.79,247.5,245.06,245.97,509226,true,MOCK_DATA_NOT_FOR_TRADING
2023-05-26,MOCK_A,124.88,125.14,120.63,121.38,522691,true,MOCK_DATA_NOT_FOR_TRADING
2023-05-26,MOCK_B,245.81,250.15,245.36,249.7,491094,true,MOCK_DATA_NOT_FOR_TRADING
2023-05-29,MOCK_A,121.38,123.74,120.52,123.11,354539,true,MOCK_DATA_NOT_FOR_TRADING
2023-05-29,MOCK_B,249.55,251.13,245.12,245.23,369431,true,MOCK_DATA_NOT_FOR_TRADING
2023-05-30,MOCK_A,123.34,123.47,120.51,120.85,511014,true,MOCK_DATA_NOT_FOR_TRADING
2023-05-30,MOCK_B,243.87,249.17,243.86,246.56,527138,true,MOCK_DATA_NOT_FOR_TRADING
2023-05-31,MOCK_A,121.23,123.56,121.06,123.16,420075,true,MOCK_DATA_NOT_FOR_TRADING
2023-05-31,MOCK_B,245.9,246.98,244.18,246.79,532934,true,MOCK_DATA_NOT_FOR_TRADING
2023-06-01,MOCK_A,123.41,124.14,120.45,120.45,426021,true,MOCK_DATA_NOT_FOR_TRADING
2023-06-01,MOCK_B,246.68,247.0,238.67,240.78,421624,true,MOCK_DATA_NOT_FOR_TRADING
2023-06-02,MOCK_A,119.6,121.7,119.51,121.59,414371,true,MOCK_DATA_NOT_FOR_TRADING
2023-06-02,MOCK_B,241.9,246.67,241.49,244.83,314607,true,MOCK_DATA_NOT_FOR_TRADING
2023-06-05,MOCK_A,121.94,124.68,121.89,124.52,441796,true,MOCK_DATA_NOT_FOR_TRADING
2023-06-05,MOCK_B,246.0,246.82,240.14,241.11,532854,true,MOCK_DATA_NOT_FOR_TRADING
2023-06-06,MOCK_A,124.03,124.89,122.48,123.11,619724,true,MOCK_DATA_NOT_FOR_TRADING
2023-06-06,MOCK_B,241.24,246.38,240.51,243.64,51052,true,MOCK_DATA_NOT_FOR_TRADING
2023-06-07,MOCK_A,123.88,125.11,121.77,121.88,364366,true,MOCK_DATA_NOT_FOR_TRADING
2023-06-07,MOCK_B,243.1,243.35,242.09,242.11,402328,true,MOCK_DATA_NOT_FOR_TRADING
2023-06-08,MOCK_A,122.03,122.59,120.46,120.48,663296,true,MOCK_DATA_NOT_FOR_TRADING
2023-06-08,MOCK_B,243.1,243.83,238.42,239.22,601947,true,MOCK_DATA_NOT_FOR_TRADING
2023-06-09,MOCK_A,121.2,122.15,117.77,118.5,287953,true,MOCK_DATA_NOT_FOR_TRADING
2023-06-09,MOCK_B,240.13,243.91,239.19,242.63,408831,true,MOCK_DATA_NOT_FOR_TRADING
2023-06-12,MOCK_A,118.13,118.29,116.14,117.66,465694,true,MOCK_DATA_NOT_FOR_TRADING
2023-06-12,MOCK_B,242.49,249.56,242.45,246.76,232375,true,MOCK_DATA_NOT_FOR_TRADING
2023-06-13,MOCK_A,117.27,120.64,116.4,120.48,595735,true,MOCK_DATA_NOT_FOR_TRADING
2023-06-13,MOCK_B,246.72,247.22,244.16,245.99,332640,true,MOCK_DATA_NOT_FOR_TRADING
2023-06-14,MOCK_A,121.18,121.31,120.59,120.81,582540,true,MOCK_DATA_NOT_FOR_TRADING
2023-06-14,MOCK_B,245.81,247.39,241.91,242.77,429170,true,MOCK_DATA_NOT_FOR_TRADING
2023-06-15,MOCK_A,120.32,120.5,119.34,119.44,524947,true,MOCK_DATA_NOT_FOR_TRADING
2023-06-15,MOCK_B,241.77,247.3,241.56,246.46,535448,true,MOCK_DATA_NOT_FOR_TRADING
2023-06-16,MOCK_A,119.26,120.22,118.22,119.97,333830,true,MOCK_DATA_NOT_FOR_TRADING
2023-06-16,MOCK_B,245.96,249.38,245.95,248.39,861769,true,MOCK_DATA_NOT_FOR_TRADING
2023-06-19,MOCK_A,119.88,123.51,118.43,123.04,523253,true,MOCK_DATA_NOT_FOR_TRADING
2023-06-19,MOCK_B,249.34,250.15,246.82,248.28,704093,true,MOCK_DATA_NOT_FOR_TRADING
2023-06-20,MOCK_A,123.34,126.97,123.27,125.91,421202,true,MOCK_DATA_NOT_FOR_TRADING
2023-06-20,MOCK_B,246.62,247.67,241.47,242.77,507803,true,MOCK_DATA_NOT_FOR_TRADING
2023-06-21,MOCK_A,125.24,125.3,122.4,122.76,558600,true,MOCK_DATA_NOT_FOR_TRADING
2023-06-21,MOCK_B,243.92,244.79,242.24,243.04,609729,true,MOCK_DATA_NOT_FOR_TRADING
2023-06-22,MOCK_A,122.47,123.07,121.6,121.94,345041,true,MOCK_DATA_NOT_FOR_TRADING
2023-06-22,MOCK_B,242.63,243.91,235.56,238.18,323406,true,MOCK_DATA_NOT_FOR_TRADING
2023-06-23,MOCK_A,121.93,122.48,121.45,121.59,385951,true,MOCK_DATA_NOT_FOR_TRADING
2023-06-23,MOCK_B,237.4,242.49,236.02,241.82,629841,true,MOCK_DATA_NOT_FOR_TRADING
2023-06-26,MOCK_A,121.77,121.91,121.48,121.8,252197,true,MOCK_DATA_NOT_FOR_TRADING
2023-06-26,MOCK_B,242.18,242.39,240.76,242.26,353908,true,MOCK_DATA_NOT_FOR_TRADING
2023-06-27,MOCK_A,121.9,122.29,120.27,121.24,523876,true,MOCK_DATA_NOT_FOR_TRADING
2023-06-27,MOCK_B,242.22,246.28,238.39,245.33,666516,true,MOCK_DATA_NOT_FOR_TRADING
2023-06-28,MOCK_A,121.18,123.47,120.91,123.41,537067,true,MOCK_DATA_NOT_FOR_TRADING
2023-06-28,MOCK_B,246.93,247.56,245.14,245.17,599056,true,MOCK_DATA_NOT_FOR_TRADING
2023-06-29,MOCK_A,123.44,124.83,122.96,124.73,474434,true,MOCK_DATA_NOT_FOR_TRADING
2023-06-29,MOCK_B,245.81,246.6,241.09,242.65,618980,true,MOCK_DATA_NOT_FOR_TRADING
2023-06-30,MOCK_A,124.65,127.14,124.34,127.03,618077,true,MOCK_DATA_NOT_FOR_TRADING
2023-06-30,MOCK_B,242.12,244.25,241.76,243.99,194998,true,MOCK_DATA_NOT_FOR_TRADING
2023-07-03,MOCK_A,127.38,127.98,125.12,125.79,530890,true,MOCK_DATA_NOT_FOR_TRADING
2023-07-03,MOCK_B,244.68,246.23,241.18,242.73,405752,true,MOCK_DATA_NOT_FOR_TRADING
2023-07-04,MOCK_A,125.9,126.85,125.64,126.18,566449,true,MOCK_DATA_NOT_FOR_TRADING
2023-07-04,MOCK_B,241.89,243.73,241.33,243.14,670456,true,MOCK_DATA_NOT_FOR_TRADING
2023-07-05,MOCK_A,126.66,127.06,124.63,124.97,528181,true,MOCK_DATA_NOT_FOR_TRADING
2023-07-05,MOCK_B,244.05,249.34,242.55,249.08,698564,true,MOCK_DATA_NOT_FOR_TRADING
2023-07-06,MOCK_A,124.85,125.16,123.41,123.42,518561,true,MOCK_DATA_NOT_FOR_TRADING
2023-07-06,MOCK_B,248.75,249.67,243.42,243.96,738959,true,MOCK_DATA_NOT_FOR_TRADING
2023-07-07,MOCK_A,123.49,123.92,120.35,121.01,476797,true,MOCK_DATA_NOT_FOR_TRADING
2023-07-07,MOCK_B,242.72,243.11,242.51,242.78,447408,true,MOCK_DATA_NOT_FOR_TRADING
2023-07-10,MOCK_A,121.26,121.78,117.89,117.92,350932,true,MOCK_DATA_NOT_FOR_TRADING
2023-07-10,MOCK_B,242.6,249.59,242.03,247.81,327847,true,MOCK_DATA_NOT_FOR_TRADING
2023-07-11,MOCK_A,117.87,119.3,116.13,116.23,599664,true,MOCK_DATA_NOT_FOR_TRADING
2023-07-11,MOCK_B,248.01,256.2,246.67,254.41,855386,true,MOCK_DATA_NOT_FOR_TRADING
2023-07-12,MOCK_A,116.06,116.17,115.35,115.55,664122,true,MOCK_DATA_NOT_FOR_TRADING
2023-07-12,MOCK_B,255.1,255.72,247.29,247.51,551499,true,MOCK_DATA_NOT_FOR_TRADING
2023-07-13,MOCK_A,115.31,115.65,115.21,115.38,733430,true,MOCK_DATA_NOT_FOR_TRADING
2023-07-13,MOCK_B,247.0,250.66,245.33,248.9,793784,true,MOCK_DATA_NOT_FOR_TRADING
2023-07-14,MOCK_A,115.02,115.52,113.3,114.5,549469,true,MOCK_DATA_NOT_FOR_TRADING
2023-07-14,MOCK_B,248.01,253.78,246.25,253.77,426350,true,MOCK_DATA_NOT_FOR_TRADING
2023-07-17,MOCK_A,114.08,115.21,111.16,111.78,585262,true,MOCK_DATA_NOT_FOR_TRADING
2023-07-17,MOCK_B,253.46,254.94,252.15,252.92,498526,true,MOCK_DATA_NOT_FOR_TRADING
2023-07-18,MOCK_A,111.19,111.29,108.85,109.04,564828,true,MOCK_DATA_NOT_FOR_TRADING
2023-07-18,MOCK_B,252.76,255.98,251.06,254.88,272261,true,MOCK_DATA_NOT_FOR_TRADING
2023-07-19,MOCK_A,109.04,111.0,108.97,110.28,575038,true,MOCK_DATA_NOT_FOR_TRADING
2023-07-19,MOCK_B,253.56,254.48,248.78,249.15,508114,true,MOCK_DATA_NOT_FOR_TRADING
2023-07-20,MOCK_A,109.8,110.41,108.64,108.87,438615,true,MOCK_DATA_NOT_FOR_TRADING
2023-07-20,MOCK_B,248.39,249.62,243.68,245.38,314618,true,MOCK_DATA_NOT_FOR_TRADING
2023-07-21,MOCK_A,109.21,109.41,109.03,109.27,602320,true,MOCK_DATA_NOT_FOR_TRADING
2023-07-21,MOCK_B,244.35,247.06,243.59,247.04,864191,true,MOCK_DATA_NOT_FOR_TRADING
2023-07-24,MOCK_A,109.72,113.67,109.1,113.29,1062808,true,MOCK_DATA_NOT_FOR_TRADING
2023-07-24,MOCK_B,247.18,247.59,239.66,240.59,547281,true,MOCK_DATA_NOT_FOR_TRADING
2023-07-25,MOCK_A,113.16,113.56,110.26,111.16,563036,true,MOCK_DATA_NOT_FOR_TRADING
2023-07-25,MOCK_B,239.82,240.96,239.35,240.45,696420,true,MOCK_DATA_NOT_FOR_TRADING
2023-07-26,MOCK_A,111.25,111.55,108.73,108.9,316971,true,MOCK_DATA_NOT_FOR_TRADING
2023-07-26,MOCK_B,241.51,241.75,237.01,239.37,578464,true,MOCK_DATA_NOT_FOR_TRADING
2023-07-27,MOCK_A,108.76,108.77,107.33,107.61,610283,true,MOCK_DATA_NOT_FOR_TRADING
2023-07-27,MOCK_B,238.74,239.85,237.96,238.52,652532,true,MOCK_DATA_NOT_FOR_TRADING
2023-07-28,MOCK_A,107.05,107.45,104.85,105.56,414026,true,MOCK_DATA_NOT_FOR_TRADING
2023-07-28,MOCK_B,239.06,239.87,238.27,238.84,345193,true,MOCK_DATA_NOT_FOR_TRADING
2023-07-31,MOCK_A,105.72,110.1,105.28,109.46,536505,true,MOCK_DATA_NOT_FOR_TRADING
2023-07-31,MOCK_B,238.86,244.66,238.29,242.23,612668,true,MOCK_DATA_NOT_FOR_TRADING
2023-08-01,MOCK_A,110.24,110.79,107.96,108.33,719019,true,MOCK_DATA_NOT_FOR_TRADING
2023-08-01,MOCK_B,241.93,242.05,237.83,239.23,324458,true,MOCK_DATA_NOT_FOR_TRADING
2023-08-02,MOCK_A,108.01,108.16,107.67,107.87,631362,true,MOCK_DATA_NOT_FOR_TRADING
2023-08-02,MOCK_B,239.17,239.41,237.52,238.85,439949,true,MOCK_DATA_NOT_FOR_TRADING
2023-08-03,MOCK_A,107.42,107.56,107.06,107.54,172514,true,MOCK_DATA_NOT_FOR_TRADING
2023-08-03,MOCK_B,238.75,241.49,238.44,241.26,189840,true,MOCK_DATA_NOT_FOR_TRADING
2023-08-04,MOCK_A,107.08,107.39,104.96,105.99,778813,true,MOCK_DATA_NOT_FOR_TRADING
2023-08-04,MOCK_B,240.8,242.23,238.53,241.11,433566,true,MOCK_DATA_NOT_FOR_TRADING
2023-08-07,MOCK_A,105.84,106.2,104.4,104.96,437189,true,MOCK_DATA_NOT_FOR_TRADING
2023-08-07,MOCK_B,241.74,242.03,233.02,235.0,398971,true,MOCK_DATA_NOT_FOR_TRADING
2023-08-08,MOCK_A,105.65,105.71,105.2,105.46,517987,true,MOCK_DATA_NOT_FOR_TRADING
2023-08-08,MOCK_B,234.58,237.64,234.15,237.31,480758,true,MOCK_DATA_NOT_FOR_TRADING
2023-08-09,MOCK_A,105.14,106.22,104.53,106.09,458260,true,MOCK_DATA_NOT_FOR_TRADING
2023-08-09,MOCK_B,237.28,237.94,227.88,231.3,468048,true,MOCK_DATA_NOT_FOR_TRADING
2023-08-10,MOCK_A,106.33,109.41,105.83,109.36,453288,true,MOCK_DATA_NOT_FOR_TRADING
2023-08-10,MOCK_B,231.99,232.17,230.18,230.47,368882,true,MOCK_DATA_NOT_FOR_TRADING
2023-08-11,MOCK_A,109.18,111.73,108.43,110.93,456493,true,MOCK_DATA_NOT_FOR_TRADING
2023-08-11,MOCK_B,230.04,235.92,228.74,235.48,454324,true,MOCK_DATA_NOT_FOR_TRADING
2023-08-14,MOCK_A,110.26,113.85,109.24,113.18,486488,true,MOCK_DATA_NOT_FOR_TRADING
2023-08-14,MOCK_B,235.89,236.77,234.6,235.96,527222,true,MOCK_DATA_NOT_FOR_TRADING
2023-08-15,MOCK_A,113.46,115.25,112.11,113.2,415097,true,MOCK_DATA_NOT_FOR_TRADING
2023-08-15,MOCK_B,235.43,236.19,230.75,232.16,739486,true,MOCK_DATA_NOT_FOR_TRADING
2023-08-16,MOCK_A,112.9,113.12,112.23,113.0,439809,true,MOCK_DATA_NOT_FOR_TRADING
2023-08-16,MOCK_B,232.12,242.27,230.99,241.26,741122,true,MOCK_DATA_NOT_FOR_TRADING
2023-08-17,MOCK_A,113.08,113.41,110.88,111.68,401537,true,MOCK_DATA_NOT_FOR_TRADING
2023-08-17,MOCK_B,241.03,241.71,233.48,235.54,347998,true,MOCK_DATA_NOT_FOR_TRADING
2023-08-18,MOCK_A,111.7,111.86,111.17,111.2,265673,true,MOCK_DATA_NOT_FOR_TRADING
2023-08-18,MOCK_B,236.47,240.65,235.92,240.45,269192,true,MOCK_DATA_NOT_FOR_TRADING
2023-08-21,MOCK_A,110.89,112.07,110.01,111.54,674150,true,MOCK_DATA_NOT_FOR_TRADING
2023-08-21,MOCK_B,240.29,243.39,239.54,240.04,553274,true,MOCK_DATA_NOT_FOR_TRADING
2023-08-22,MOCK_A,111.92,112.07,110.77,111.72,337445,true,MOCK_DATA_NOT_FOR_TRADING
2023-08-22,MOCK_B,239.02,239.92,232.4,233.02,454045,true,MOCK_DATA_NOT_FOR_TRADING
2023-08-23,MOCK_A,111.46,113.37,111.36,112.76,473454,true,MOCK_DATA_NOT_FOR_TRADING
2023-08-23,MOCK_B,232.32,232.68,228.51,229.05,483979,true,MOCK_DATA_NOT_FOR_TRADING
2023-08-24,MOCK_A,112.65,112.92,109.53,110.97,575399,true,MOCK_DATA_NOT_FOR_TRADING
2023-08-24,MOCK_B,229.36,229.54,227.66,228.64,515449,true,MOCK_DATA_NOT_FOR_TRADING
2023-08-25,MOCK_A,111.4,112.04,109.21,110.08,678143,true,MOCK_DATA_NOT_FOR_TRADING
2023-08-25,MOCK_B,229.5,234.33,228.44,232.63,767423,true,MOCK_DATA_NOT_FOR_TRADING
2023-08-28,MOCK_A,109.87,110.2,107.11,107.29,251679,true,MOCK_DATA_NOT_FOR_TRADING
2023-08-28,MOCK_B,232.61,233.03,228.78,229.29,577998,true,MOCK_DATA_NOT_FOR_TRADING
2023-08-29,MOCK_A,107.23,108.25,106.91,107.56,955357,true,MOCK_DATA_NOT_FOR_TRADING
2023-08-29,MOCK_B,230.19,231.18,227.79,227.95,653538,true,MOCK_DATA_NOT_FOR_TRADING
2023-08-30,MOCK_A,107.55,108.12,104.32,104.93,623275,true,MOCK_DATA_NOT_FOR_TRADING
2023-08-30,MOCK_B,227.6,235.26,227.35,234.34,262633,true,MOCK_DATA_NOT_FOR_TRADING
2023-08-31,MOCK_A,104.69,106.3,103.63,105.91,756425,true,MOCK_DATA_NOT_FOR_TRADING
2023-08-31,MOCK_B,233.49,234.08,229.73,230.21,504192,true,MOCK_DATA_NOT_FOR_TRADING
2023-09-01,MOCK_A,105.83,107.17,105.43,106.67,646289,true,MOCK_DATA_NOT_FOR_TRADING
2023-09-01,MOCK_B,230.5,238.11,230.22,234.99,618387,true,MOCK_DATA_NOT_FOR_TRADING
2023-09-04,MOCK_A,106.44,106.54,103.7,103.88,643585,true,MOCK_DATA_NOT_FOR_TRADING
2023-09-04,MOCK_B,236.05,238.04,235.05,237.59,744360,true,MOCK_DATA_NOT_FOR_TRADING
2023-09-05,MOCK_A,103.92,105.07,102.03,102.38,630584,true,MOCK_DATA_NOT_FOR_TRADING
2023-09-05,MOCK_B,237.54,238.14,234.53,235.04,368713,true,MOCK_DATA_NOT_FOR_TRADING
2023-09-06,MOCK_A,102.62,103.55,102.57,102.62,683596,true,MOCK_DATA_NOT_FOR_TRADING
2023-09-06,MOCK_B,234.88,243.5,234.28,241.41,468936,true,MOCK_DATA_NOT_FOR_TRADING
2023-09-07,MOCK_A,102.8,103.26,101.1,101.48,664718,true,MOCK_DATA_NOT_FOR_TRADING
2023-09-07,MOCK_B,241.26,245.32,240.39,244.22,540900,true,MOCK_DATA_NOT_FOR_TRADING
2023-09-08,MOCK_A,101.23,101.23,99.27,100.24,546372,true,MOCK_DATA_NOT_FOR_TRADING
2023-09-08,MOCK_B,244.28,247.04,241.23,241.91,472953,true,MOCK_DATA_NOT_FOR_TRADING
2023-09-11,MOCK_A,100.02,101.49,99.43,101.45,414334,true,MOCK_DATA_NOT_FOR_TRADING
2023-09-11,MOCK_B,241.19,242.26,239.33,239.41,723058,true,MOCK_DATA_NOT_FOR_TRADING
